[
  {
    "item": {
      "type": "book",
      "price": 30,
      "properties": {
        "title": "Everyday Italian",
        "author": [
          "Giada De Laurentiis"
        ],
        "year": 2005
      }
    }
  },
  {
    "item": {
      "type": "book",
      "price": 29.99,
      "properties": {
        "title": "Harry Potter",
        "author": [
          "J K. Rowling"
        ],
        "year": 2005
      }
    }
  },
  {
    "item": {
      "type": "book",
      "price": 49.99,
      "properties": {
        "title": "XQuery Kick Start",
        "author": [
          "James McGovern",
          "Per Bothner",
          "Kurt Cagle",
          "James Linn",
          "Vaidyanathan Nagarajan"
        ],
        "year": 2003
      }
    }
  },
  {
    "item": {
      "type": "book",
      "price": 39.95,
      "properties": {
        "title": "Learning XML",
        "author": [
          "Erik T. Ray"
        ],
        "year": 2003
      }
    }
  }
]