<bookstore>
  <book>
    <title lang="en">Everyday Italian</title>
    <year>2005</year>
    <price>30</price>
    <author loc="US">Giada De Laurentiis</author>
  </book>
  <book>
    <title lang="en">Harry Potter</title>
    <year>2005</year>
    <price>29.99</price>
    <author loc="US">J K. Rowling</author>
  </book>
  <book>
    <title lang="en">XQuery Kick Start</title>
    <year>2003</year>
    <price>49.99</price>
    <author loc="US">James McGovern</author>
    <author loc="US">Per Bothner</author>
    <author loc="US">Kurt Cagle</author>
    <author loc="US">James Linn</author>
    <author loc="US">Vaidyanathan Nagarajan</author>
  </book>
  <book>
    <title lang="en">Learning XML</title>
    <year>2003</year>
    <price>39.95</price>
    <author loc="US">Erik T. Ray</author>
  </book>
</bookstore>